{"cameraMode":{"drawMode":0,"name":"Shaded","section":"Shading Mode"},"sceneLighting":true,"audioPlay":false,"sceneViewState":{"m_AlwaysRefresh":false,"showFog":true,"showSkybox":true,"showFlares":true,"showImageEffects":true,"showParticleSystems":true,"showVisualEffectGraphs":true,"m_FxEnabled":true},"in2DMode":false,"pivot":{"x":0.4267873764038086,"y":0.5011407136917114,"z":2.3311328887939455},"rotation":{"x":-0.14529679715633393,"y":0.23309201002120973,"z":-0.034965187311172488,"w":-0.9609540700912476},"size":3.507552146911621,"orthographic":false}