{"cameraMode":{"drawMode":0,"name":"Shaded","section":"Shading Mode"},"sceneLighting":true,"audioPlay":false,"sceneViewState":{"m_AlwaysRefresh":false,"showFog":true,"showSkybox":true,"showFlares":true,"showImageEffects":true,"showParticleSystems":true,"showVisualEffectGraphs":true,"m_FxEnabled":true},"in2DMode":false,"pivot":{"x":2.2595396041870119,"y":-0.26558101177215578,"z":10.810680389404297},"rotation":{"x":-0.10032724589109421,"y":-0.015837926417589189,"z":0.0016144437249749899,"w":-0.9949327111244202},"size":6.110814571380615,"orthographic":false}