{"cameraMode":{"drawMode":0,"name":"Shaded","section":"Shading Mode"},"sceneLighting":true,"audioPlay":false,"sceneViewState":{"m_AlwaysRefresh":false,"showFog":true,"showSkybox":true,"showFlares":true,"showImageEffects":true,"showParticleSystems":true,"showVisualEffectGraphs":true,"m_FxEnabled":true},"in2DMode":false,"pivot":{"x":17.81938362121582,"y":-5.723541736602783,"z":14.901823997497559},"rotation":{"x":0.14418505132198335,"y":0.40831202268600466,"z":-0.06542766094207764,"w":0.8990436792373657},"size":12.257074356079102,"orthographic":false}